<?xml version="1.0" encoding="UTF-8"?>
<project-private xmlns="http://www.netbeans.org/ns/project-private/1">
    <editor-bookmarks xmlns="http://www.netbeans.org/ns/editor-bookmarks/2" lastBookmarkId="0"/>
    <open-files xmlns="http://www.netbeans.org/ns/projectui-open-files/2">
        <group>
            <file>file:/C:/xampp/htdocs/kepKategoria/admin/kepFeltolt.php</file>
            <file>file:/C:/xampp/htdocs/kepKategoria/admin/teszt.php</file>
            <file>file:/C:/xampp/htdocs/kepKategoria/admin/kategoriaModosit.php</file>
            <file>file:/C:/xampp/htdocs/kepKategoria/index.php</file>
            <file>file:/C:/xampp/htdocs/kepKategoria/admin/index.php</file>
            <file>file:/C:/xampp/htdocs/kepKategoria/admin/admin_kezel.php</file>
            <file>file:/C:/xampp/htdocs/kepKategoria/adatbazis_tablak.txt</file>
        </group>
    </open-files>
</project-private>
